2018-01-24 21:12:30,891
2018-01-24 21:12:31,887
2018-01-24 21:12:32,887
2018-01-24 21:12:33,891
2018-01-24 21:12:34,879
2018-01-24 21:12:35,865
2018-01-24 21:12:36,873
2018-01-24 21:12:37,893
2018-01-24 21:12:38,883
2018-01-24 21:12:39,858
2018-01-24 21:12:40,861
2018-01-24 21:12:41,864
2018-01-24 21:12:42,862
2018-01-24 21:12:43,862
2018-01-24 21:12:44,862
2018-01-24 21:12:45,861
2018-01-24 21:12:46,865
2018-01-24 21:12:47,871
2018-01-24 21:12:48,870
2018-01-24 21:12:49,881
2018-01-24 21:12:50,891
2018-01-24 21:12:51,890
2018-01-24 21:12:52,890
2018-01-24 21:12:53,886
2018-01-24 21:12:54,884
2018-01-24 21:12:55,891
2018-01-24 21:12:56,893
2018-01-24 21:12:57,894
2018-01-24 21:12:58,894
2018-01-24 21:12:59,888
2018-01-24 21:13:00,892
2018-01-24 21:13:01,894
2018-01-24 21:13:02,894
2018-01-24 21:13:03,893
2018-01-24 21:13:04,869
2018-01-24 21:13:05,854
2018-01-24 21:13:06,877
2018-01-24 21:13:07,887
2018-01-24 21:13:08,889
2018-01-24 21:13:09,888
2018-01-24 21:13:10,890
2018-01-24 21:13:11,882
2018-01-24 21:13:12,836
2018-01-24 21:13:13,891
2018-01-24 21:13:14,883
2018-01-24 21:13:15,872
2018-01-24 21:13:16,883
2018-01-24 21:13:17,563
2018-01-24 21:13:18,752
2018-01-24 21:13:19,750
2018-01-24 21:13:20,893
2018-01-24 21:13:21,893
2018-01-24 21:13:22,895
2018-01-24 21:13:23,893
2018-01-24 21:13:24,894
2018-01-24 21:13:25,894
2018-01-24 21:13:26,894
2018-01-24 21:13:27,894
2018-01-24 21:13:28,894
2018-01-24 21:13:29,895
